filename,shape_bucket,camera_bucket
Boudoir_Glam_0001_keypoints.json,POSE_7,CAM_HIGH
Boudoir_Glam_0002_keypoints.json,POSE_7,CAM_HIGH
Boudoir_Glam_0003_keypoints.json,POSE_7,CAM_HIGH
Boudoir_Glam_0004_keypoints.json,POSE_7,CAM_HIGH
Boudoir_Glam_0005_keypoints.json,POSE_3,CAM_HIGH
Boudoir_Glam_0006_keypoints.json,POSE_7,CAM_HIGH
Boudoir_Glam_0007_keypoints.json,POSE_7,CAM_HIGH
Boudoir_Glam_0008_keypoints.json,POSE_7,CAM_SLIGHT_HIGH
Boudoir_Glam_0009_keypoints.json,POSE_7,CAM_SLIGHT_HIGH
Boudoir_Glam_0010_keypoints.json,POSE_7,CAM_HIGH
Boudoir_Glam_0011_keypoints.json,POSE_4,CAM_LOW
Boudoir_Glam_0012_keypoints.json,POSE_7,CAM_HIGH
Boudoir_Glam_0013_keypoints.json,POSE_7,CAM_SLIGHT_LOW
Boudoir_Glam_0014_keypoints.json,POSE_7,CAM_LOW
Boudoir_Glam_0015_keypoints.json,POSE_7,CAM_HIGH
Boudoir_Glam_0016_keypoints.json,POSE_7,CAM_HIGH
Boudoir_Glam_0017_keypoints.json,POSE_7,CAM_HIGH
Boudoir_Glam_0018_keypoints.json,POSE_7,CAM_HIGH
Boudoir_Glam_0019_keypoints.json,POSE_7,CAM_HIGH
Boudoir_Glam_0020_keypoints.json,POSE_7,CAM_SLIGHT_HIGH
Boudoir_Glam_0021_keypoints.json,POSE_3,CAM_SLIGHT_LOW
Boudoir_Glam_0022_keypoints.json,POSE_4,CAM_HIGH
Boudoir_Glam_0023_keypoints.json,POSE_4,CAM_HIGH
Boudoir_Glam_0024_keypoints.json,POSE_4,CAM_SLIGHT_LOW
Boudoir_Glam_0025_keypoints.json,POSE_4,CAM_SLIGHT_LOW
Boudoir_Glam_0026_keypoints.json,POSE_4,CAM_LOW
Boudoir_Glam_0027_keypoints.json,POSE_4,CAM_HIGH
Boudoir_Glam_0028_keypoints.json,POSE_3,CAM_LOW
Boudoir_Glam_0029_keypoints.json,POSE_3,CAM_SLIGHT_HIGH
Boudoir_Glam_0030_keypoints.json,POSE_4,CAM_LOW
Boudoir_Glam_0031_keypoints.json,POSE_4,CAM_HIGH
Boudoir_Glam_0032_keypoints.json,POSE_3,CAM_SLIGHT_LOW
Boudoir_Glam_0033_keypoints.json,POSE_3,CAM_LOW
Boudoir_Glam_0034_keypoints.json,POSE_3,CAM_LOW
Boudoir_Glam_0035_keypoints.json,POSE_3,CAM_SLIGHT_LOW
Boudoir_Glam_0036_keypoints.json,POSE_4,CAM_HIGH
Boudoir_Glam_0037_keypoints.json,POSE_4,CAM_SLIGHT_LOW
Boudoir_Glam_0038_keypoints.json,POSE_3,CAM_LOW
Boudoir_Glam_0039_keypoints.json,POSE_3,CAM_HIGH
Boudoir_Glam_0040_keypoints.json,POSE_7,CAM_UNKNOWN
Boudoir_Glam_0041_keypoints.json,POSE_4,CAM_LOW
Boudoir_Glam_0042_keypoints.json,POSE_4,CAM_LOW
Boudoir_Glam_0043_keypoints.json,POSE_7,CAM_SLIGHT_LOW
Boudoir_Glam_0044_keypoints.json,POSE_7,CAM_LOW
Boudoir_Glam_0045_keypoints.json,POSE_4,CAM_EYE
Boudoir_Glam_0046_keypoints.json,POSE_4,CAM_LOW
Boudoir_Glam_0047_keypoints.json,POSE_4,CAM_HIGH
Boudoir_Glam_0048_keypoints.json,POSE_4,CAM_HIGH
Boudoir_Glam_0049_keypoints.json,POSE_4,CAM_HIGH
Boudoir_Glam_0050_keypoints.json,POSE_4,CAM_HIGH
Boudoir_Glam_0051_keypoints.json,POSE_3,CAM_LOW
Boudoir_Glam_0052_keypoints.json,POSE_3,CAM_HIGH
Boudoir_Glam_0053_keypoints.json,POSE_7,CAM_EYE
Boudoir_Glam_0054_keypoints.json,POSE_4,CAM_LOW
Boudoir_Glam_0055_keypoints.json,POSE_7,CAM_UNKNOWN
Boudoir_Glam_0056_keypoints.json,POSE_7,CAM_UNKNOWN
Boudoir_Glam_0057_keypoints.json,POSE_3,CAM_LOW
Boudoir_Glam_0058_keypoints.json,POSE_3,CAM_LOW
Boudoir_Glam_0059_keypoints.json,POSE_4,CAM_LOW
Boudoir_Glam_0060_keypoints.json,POSE_6,CAM_TOPDOWN
Boudoir_Glam_0061_keypoints.json,POSE_3,CAM_LOW
Boudoir_Glam_0062_keypoints.json,POSE_3,CAM_EYE
Boudoir_Glam_0063_keypoints.json,POSE_4,CAM_SLIGHT_LOW
Boudoir_Glam_0064_keypoints.json,POSE_4,CAM_SLIGHT_LOW
Boudoir_Glam_0065_keypoints.json,POSE_3,CAM_SLIGHT_LOW
Boudoir_Glam_0066_keypoints.json,POSE_4,CAM_SLIGHT_HIGH
Boudoir_Glam_0067_keypoints.json,POSE_3,CAM_EYE
Boudoir_Glam_0068_keypoints.json,POSE_4,CAM_SLIGHT_LOW
Boudoir_Glam_0069_keypoints.json,POSE_4,CAM_LOW
Boudoir_Glam_0070_keypoints.json,POSE_4,CAM_LOW
Boudoir_Glam_0071_keypoints.json,POSE_3,CAM_LOW
Boudoir_Glam_0072_keypoints.json,POSE_7,CAM_UNKNOWN
Boudoir_Glam_0073_keypoints.json,POSE_4,CAM_SLIGHT_HIGH
Boudoir_Glam_0074_keypoints.json,POSE_3,CAM_LOW
Boudoir_Glam_0075_keypoints.json,POSE_3,CAM_HIGH
Boudoir_Glam_0076_keypoints.json,POSE_4,CAM_SLIGHT_LOW
Boudoir_Glam_0077_keypoints.json,POSE_3,CAM_LOW
Boudoir_Glam_0078_keypoints.json,POSE_4,CAM_HIGH
Boudoir_Glam_0079_keypoints.json,POSE_7,CAM_UNKNOWN
Boudoir_Glam_0080_keypoints.json,POSE_5,CAM_TOPDOWN
Boudoir_Glam_0081_keypoints.json,POSE_3,CAM_EYE
Boudoir_Glam_0082_keypoints.json,POSE_4,CAM_LOW
Boudoir_Glam_0083_keypoints.json,POSE_4,CAM_LOW
Boudoir_Glam_0084_keypoints.json,POSE_4,CAM_LOW
Boudoir_Glam_0085_keypoints.json,POSE_4,CAM_LOW
Boudoir_Glam_0086_keypoints.json,POSE_4,CAM_EYE
Boudoir_Glam_0087_keypoints.json,POSE_4,CAM_SLIGHT_HIGH
Boudoir_Glam_0088_keypoints.json,POSE_4,CAM_LOW
Boudoir_Glam_0089_keypoints.json,POSE_3,CAM_UNKNOWN
Boudoir_Glam_0090_keypoints.json,POSE_3,CAM_HIGH
Boudoir_Glam_0091_keypoints.json,POSE_3,CAM_HIGH
Boudoir_Glam_0092_keypoints.json,POSE_4,CAM_LOW
Boudoir_Glam_0093_keypoints.json,POSE_4,CAM_SLIGHT_LOW
Boudoir_Glam_0094_keypoints.json,POSE_4,CAM_HIGH
Boudoir_Glam_0095_keypoints.json,POSE_3,CAM_SLIGHT_LOW
Boudoir_Glam_0096_keypoints.json,POSE_4,CAM_LOW
Boudoir_Glam_0097_keypoints.json,POSE_4,CAM_LOW
Boudoir_Glam_0098_keypoints.json,POSE_3,CAM_LOW
Boudoir_Glam_0099_keypoints.json,POSE_4,CAM_LOW
Boudoir_Glam_0100_keypoints.json,POSE_4,CAM_LOW
Boudoir_Glam_0101_keypoints.json,POSE_4,CAM_LOW
Boudoir_Glam_0102_keypoints.json,POSE_4,CAM_HIGH
Boudoir_Glam_0103_keypoints.json,POSE_4,CAM_LOW
Boudoir_Glam_0104_keypoints.json,POSE_3,CAM_HIGH
Boudoir_Glam_0105_keypoints.json,POSE_3,CAM_SLIGHT_HIGH
Boudoir_Glam_0106_keypoints.json,POSE_7,CAM_HIGH
Boudoir_Glam_0107_keypoints.json,POSE_4,CAM_HIGH
Boudoir_Glam_0108_keypoints.json,POSE_4,CAM_LOW
Boudoir_Glam_0109_keypoints.json,POSE_3,CAM_LOW
Boudoir_Glam_0110_keypoints.json,POSE_7,CAM_UNKNOWN
Boudoir_Glam_0111_keypoints.json,POSE_4,CAM_LOW
Boudoir_Glam_0112_keypoints.json,POSE_4,CAM_SLIGHT_LOW
Boudoir_Glam_0113_keypoints.json,POSE_3,CAM_LOW
Boudoir_Glam_0114_keypoints.json,POSE_4,CAM_HIGH
Boudoir_Glam_0115_keypoints.json,POSE_4,CAM_LOW
Boudoir_Glam_0116_keypoints.json,POSE_4,CAM_EYE
Boudoir_Glam_0117_keypoints.json,POSE_7,CAM_HIGH
Boudoir_Glam_0118_keypoints.json,POSE_4,CAM_LOW
Boudoir_Glam_0119_keypoints.json,POSE_4,CAM_LOW
Boudoir_Glam_0120_keypoints.json,POSE_4,CAM_HIGH
Boudoir_Glam_0121_keypoints.json,POSE_4,CAM_HIGH
Boudoir_Glam_0122_keypoints.json,POSE_7,CAM_UNKNOWN
Boudoir_Glam_0123_keypoints.json,POSE_7,CAM_LOW
Boudoir_Glam_0124_keypoints.json,POSE_3,CAM_LOW
Boudoir_Glam_0125_keypoints.json,POSE_4,CAM_SLIGHT_LOW
Boudoir_Glam_0126_keypoints.json,POSE_4,CAM_LOW
Boudoir_Glam_0127_keypoints.json,POSE_4,CAM_EYE
Boudoir_Glam_0128_keypoints.json,POSE_4,CAM_SLIGHT_LOW
Boudoir_Glam_0129_keypoints.json,POSE_4,CAM_LOW
Boudoir_Glam_0130_keypoints.json,POSE_4,CAM_EYE
Boudoir_Glam_0131_keypoints.json,POSE_4,CAM_SLIGHT_HIGH
Boudoir_Glam_0132_keypoints.json,POSE_4,CAM_EYE
Boudoir_Glam_0133_keypoints.json,POSE_3,CAM_LOW
Boudoir_Glam_0134_keypoints.json,POSE_3,CAM_HIGH
Boudoir_Glam_0135_keypoints.json,POSE_3,CAM_LOW
Boudoir_Glam_0136_keypoints.json,POSE_7,CAM_SLIGHT_LOW
Boudoir_Glam_0137_keypoints.json,POSE_4,CAM_HIGH
Boudoir_Glam_0138_keypoints.json,POSE_4,CAM_LOW
Boudoir_Glam_0139_keypoints.json,POSE_4,CAM_LOW
Boudoir_Glam_0140_keypoints.json,POSE_4,CAM_LOW
Boudoir_Glam_0141_keypoints.json,POSE_4,CAM_LOW
Boudoir_Glam_0142_keypoints.json,POSE_4,CAM_EYE
Boudoir_Glam_0143_keypoints.json,POSE_4,CAM_LOW
Boudoir_Glam_0144_keypoints.json,POSE_3,CAM_LOW
Boudoir_Glam_0145_keypoints.json,POSE_7,CAM_HIGH
Boudoir_Glam_0146_keypoints.json,POSE_3,CAM_LOW
Boudoir_Glam_0147_keypoints.json,POSE_4,CAM_LOW
Boudoir_Glam_0148_keypoints.json,POSE_6,CAM_TOPDOWN
Boudoir_Glam_0149_keypoints.json,POSE_5,CAM_TOPDOWN
Boudoir_Glam_0150_keypoints.json,POSE_6,CAM_TOPDOWN
Boudoir_Glam_0151_keypoints.json,POSE_7,CAM_UNKNOWN
Boudoir_Glam_0152_keypoints.json,POSE_4,CAM_LOW
Boudoir_Glam_0153_keypoints.json,POSE_4,CAM_LOW
Boudoir_Glam_0154_keypoints.json,POSE_4,CAM_EYE
Boudoir_Glam_0155_keypoints.json,POSE_4,CAM_HIGH
Boudoir_Glam_0156_keypoints.json,POSE_7,CAM_UNKNOWN
Boudoir_Glam_0157_keypoints.json,POSE_3,CAM_HIGH
Boudoir_Glam_0158_keypoints.json,POSE_4,CAM_LOW
Boudoir_Glam_0159_keypoints.json,POSE_4,CAM_SLIGHT_LOW
Boudoir_Glam_0160_keypoints.json,POSE_4,CAM_EYE
Boudoir_Glam_0161_keypoints.json,POSE_4,CAM_LOW
Boudoir_Glam_0162_keypoints.json,POSE_4,CAM_EYE
Boudoir_Glam_0163_keypoints.json,POSE_7,CAM_UNKNOWN
Boudoir_Glam_0164_keypoints.json,POSE_4,CAM_HIGH
Boudoir_Glam_0165_keypoints.json,POSE_4,CAM_SLIGHT_LOW
Boudoir_Glam_0166_keypoints.json,POSE_4,CAM_HIGH
Boudoir_Glam_0167_keypoints.json,POSE_4,CAM_LOW
Boudoir_Glam_0168_keypoints.json,POSE_4,CAM_EYE
Boudoir_Glam_0169_keypoints.json,POSE_7,CAM_UNKNOWN
Boudoir_Glam_0170_keypoints.json,POSE_4,CAM_SLIGHT_LOW
Boudoir_Glam_0171_keypoints.json,POSE_3,CAM_LOW
Boudoir_Glam_0172_keypoints.json,POSE_7,CAM_HIGH
Boudoir_Glam_0173_keypoints.json,POSE_3,CAM_LOW
Boudoir_Glam_0174_keypoints.json,POSE_7,CAM_LOW
Boudoir_Glam_0175_keypoints.json,POSE_7,CAM_LOW
Boudoir_Glam_0176_keypoints.json,POSE_6,CAM_TOPDOWN
Boudoir_Glam_0177_keypoints.json,POSE_4,CAM_LOW
Boudoir_Glam_0178_keypoints.json,POSE_3,CAM_SLIGHT_LOW
Boudoir_Glam_0179_keypoints.json,POSE_4,CAM_LOW
Boudoir_Glam_0180_keypoints.json,POSE_4,CAM_HIGH
Boudoir_Glam_0181_keypoints.json,POSE_3,CAM_HIGH
Boudoir_Glam_0182_keypoints.json,POSE_4,CAM_LOW
Boudoir_Glam_0183_keypoints.json,POSE_4,CAM_LOW
Boudoir_Glam_0184_keypoints.json,POSE_4,CAM_LOW
Boudoir_Glam_0185_keypoints.json,POSE_4,CAM_HIGH
Boudoir_Glam_0186_keypoints.json,POSE_4,CAM_LOW
Boudoir_Glam_0187_keypoints.json,POSE_3,CAM_LOW
Boudoir_Glam_0188_keypoints.json,POSE_3,CAM_HIGH
Boudoir_Glam_0189_keypoints.json,POSE_7,CAM_HIGH
Boudoir_Glam_0190_keypoints.json,POSE_7,CAM_LOW
Boudoir_Glam_0191_keypoints.json,POSE_4,CAM_LOW
Boudoir_Glam_0192_keypoints.json,POSE_7,CAM_UNKNOWN
Boudoir_Glam_0193_keypoints.json,POSE_3,CAM_HIGH
Boudoir_Glam_0194_keypoints.json,POSE_3,CAM_LOW
Boudoir_Glam_0195_keypoints.json,POSE_4,CAM_SLIGHT_LOW
Boudoir_Glam_0196_keypoints.json,POSE_4,CAM_SLIGHT_LOW
Boudoir_Glam_0197_keypoints.json,POSE_4,CAM_SLIGHT_LOW
Boudoir_Glam_0198_keypoints.json,POSE_4,CAM_SLIGHT_HIGH
Boudoir_Glam_0199_keypoints.json,POSE_4,CAM_LOW
Boudoir_Glam_0200_keypoints.json,POSE_4,CAM_SLIGHT_HIGH
Boudoir_Glam_0201_keypoints.json,POSE_4,CAM_SLIGHT_HIGH
Boudoir_Glam_0202_keypoints.json,POSE_4,CAM_HIGH
Boudoir_Glam_0203_keypoints.json,POSE_4,CAM_HIGH
Boudoir_Glam_0204_keypoints.json,POSE_3,CAM_SLIGHT_HIGH
Boudoir_Glam_0205_keypoints.json,POSE_4,CAM_LOW
Boudoir_Glam_0206_keypoints.json,POSE_7,CAM_HIGH
Boudoir_Glam_0207_keypoints.json,POSE_4,CAM_LOW
Boudoir_Glam_0208_keypoints.json,POSE_4,CAM_LOW
Boudoir_Glam_0209_keypoints.json,POSE_4,CAM_LOW
Boudoir_Glam_0210_keypoints.json,POSE_7,CAM_UNKNOWN
Boudoir_Glam_0211_keypoints.json,POSE_4,CAM_SLIGHT_LOW
Boudoir_Glam_0212_keypoints.json,POSE_4,CAM_LOW
Boudoir_Glam_0213_keypoints.json,POSE_4,CAM_LOW
Boudoir_Glam_0214_keypoints.json,POSE_3,CAM_HIGH
Boudoir_Glam_0215_keypoints.json,POSE_4,CAM_EYE
Boudoir_Glam_0216_keypoints.json,POSE_4,CAM_LOW
Boudoir_Glam_0217_keypoints.json,POSE_4,CAM_LOW
Boudoir_Glam_0218_keypoints.json,POSE_4,CAM_LOW
Boudoir_Glam_0219_keypoints.json,POSE_4,CAM_EYE
Boudoir_Glam_0220_keypoints.json,POSE_4,CAM_LOW
Boudoir_Glam_0221_keypoints.json,POSE_4,CAM_LOW
Boudoir_Glam_0222_keypoints.json,POSE_7,CAM_UNKNOWN
Boudoir_Glam_0223_keypoints.json,POSE_4,CAM_EYE
Boudoir_Glam_0224_keypoints.json,POSE_4,CAM_LOW
Boudoir_Glam_0225_keypoints.json,POSE_7,CAM_UNKNOWN
Boudoir_Glam_0226_keypoints.json,POSE_4,CAM_LOW
Boudoir_Glam_0227_keypoints.json,POSE_7,CAM_HIGH
Boudoir_Glam_0228_keypoints.json,POSE_4,CAM_SLIGHT_LOW
Boudoir_Glam_0229_keypoints.json,POSE_7,CAM_UNKNOWN
Boudoir_Glam_0230_keypoints.json,POSE_4,CAM_LOW
Boudoir_Glam_0231_keypoints.json,POSE_4,CAM_LOW
Boudoir_Glam_0232_keypoints.json,POSE_3,CAM_SLIGHT_LOW
Boudoir_Glam_0233_keypoints.json,POSE_4,CAM_HIGH
Boudoir_Glam_0234_keypoints.json,POSE_3,CAM_LOW
Boudoir_Glam_0235_keypoints.json,POSE_7,CAM_SLIGHT_LOW
Boudoir_Glam_0236_keypoints.json,POSE_4,CAM_SLIGHT_LOW
Boudoir_Glam_0237_keypoints.json,POSE_4,CAM_HIGH
Boudoir_Glam_0238_keypoints.json,POSE_4,CAM_HIGH
Boudoir_Glam_0239_keypoints.json,POSE_4,CAM_HIGH
Boudoir_Glam_0240_keypoints.json,POSE_4,CAM_SLIGHT_HIGH
Boudoir_Glam_0241_keypoints.json,POSE_4,CAM_HIGH
Boudoir_Glam_0242_keypoints.json,POSE_4,CAM_HIGH
Boudoir_Glam_0243_keypoints.json,POSE_4,CAM_LOW
Boudoir_Glam_0244_keypoints.json,POSE_4,CAM_LOW
Boudoir_Glam_0245_keypoints.json,POSE_4,CAM_LOW
Boudoir_Glam_0246_keypoints.json,POSE_4,CAM_LOW
Boudoir_Glam_0247_keypoints.json,POSE_4,CAM_LOW
Boudoir_Glam_0248_keypoints.json,POSE_3,CAM_HIGH
Boudoir_Glam_0249_keypoints.json,POSE_4,CAM_EYE
Boudoir_Glam_0250_keypoints.json,POSE_7,CAM_HIGH
Boudoir_Glam_0251_keypoints.json,POSE_3,CAM_SLIGHT_HIGH
Boudoir_Glam_0252_keypoints.json,POSE_4,CAM_LOW
Boudoir_Glam_0253_keypoints.json,POSE_3,CAM_HIGH
Boudoir_Glam_0254_keypoints.json,POSE_3,CAM_HIGH
Boudoir_Glam_0255_keypoints.json,POSE_4,CAM_SLIGHT_LOW
Boudoir_Glam_0256_keypoints.json,POSE_3,CAM_SLIGHT_LOW
Boudoir_Glam_0257_keypoints.json,POSE_7,CAM_LOW
Boudoir_Glam_0258_keypoints.json,POSE_3,CAM_LOW
Boudoir_Glam_0259_keypoints.json,POSE_3,CAM_HIGH
Boudoir_Glam_0260_keypoints.json,POSE_3,CAM_HIGH
Boudoir_Glam_0261_keypoints.json,POSE_3,CAM_HIGH
Boudoir_Glam_0262_keypoints.json,POSE_4,CAM_LOW
Boudoir_Glam_0263_keypoints.json,POSE_4,CAM_LOW
Boudoir_Glam_0264_keypoints.json,POSE_4,CAM_LOW
Boudoir_Glam_0265_keypoints.json,POSE_4,CAM_LOW
Boudoir_Glam_0266_keypoints.json,POSE_3,CAM_SLIGHT_LOW
Boudoir_Glam_0267_keypoints.json,POSE_3,CAM_LOW
Boudoir_Glam_0268_keypoints.json,POSE_3,CAM_LOW
Boudoir_Glam_0269_keypoints.json,POSE_4,CAM_LOW
Boudoir_Glam_0270_keypoints.json,POSE_4,CAM_LOW
Boudoir_Glam_0271_keypoints.json,POSE_4,CAM_LOW
Boudoir_Glam_0272_keypoints.json,POSE_3,CAM_LOW
Boudoir_Glam_0273_keypoints.json,POSE_3,CAM_EYE
Boudoir_Glam_0274_keypoints.json,POSE_7,CAM_HIGH
Boudoir_Glam_0275_keypoints.json,POSE_4,CAM_LOW
Boudoir_Glam_0276_keypoints.json,POSE_4,CAM_LOW
Boudoir_Glam_0277_keypoints.json,POSE_3,CAM_LOW
Boudoir_Glam_0278_keypoints.json,POSE_4,CAM_HIGH
Boudoir_Glam_0279_keypoints.json,POSE_4,CAM_SLIGHT_HIGH
Boudoir_Glam_0280_keypoints.json,POSE_4,CAM_HIGH
Boudoir_Glam_0281_keypoints.json,POSE_4,CAM_LOW
Boudoir_Glam_0282_keypoints.json,POSE_4,CAM_SLIGHT_LOW
Boudoir_Glam_0283_keypoints.json,POSE_7,CAM_LOW
Boudoir_Glam_0284_keypoints.json,POSE_4,CAM_LOW
Boudoir_Glam_0285_keypoints.json,POSE_4,CAM_LOW
Boudoir_Glam_0286_keypoints.json,POSE_3,CAM_LOW
Boudoir_Glam_0287_keypoints.json,POSE_6,CAM_TOPDOWN
Boudoir_Glam_0288_keypoints.json,POSE_4,CAM_HIGH
Boudoir_Glam_0289_keypoints.json,POSE_7,CAM_UNKNOWN
Boudoir_Glam_0290_keypoints.json,POSE_4,CAM_HIGH
Boudoir_Glam_0291_keypoints.json,POSE_3,CAM_HIGH
Boudoir_Glam_0292_keypoints.json,POSE_7,CAM_UNKNOWN
Boudoir_Glam_0293_keypoints.json,POSE_4,CAM_HIGH
Boudoir_Glam_0294_keypoints.json,POSE_4,CAM_SLIGHT_LOW
Boudoir_Glam_0295_keypoints.json,POSE_4,CAM_SLIGHT_HIGH
Boudoir_Glam_0296_keypoints.json,POSE_4,CAM_LOW
Boudoir_Glam_0297_keypoints.json,POSE_4,CAM_LOW
Boudoir_Glam_0298_keypoints.json,POSE_4,CAM_HIGH
Boudoir_Glam_0299_keypoints.json,POSE_4,CAM_HIGH
Boudoir_Glam_0300_keypoints.json,POSE_3,CAM_LOW
Boudoir_Glam_0301_keypoints.json,POSE_3,CAM_HIGH
Boudoir_Glam_0302_keypoints.json,POSE_4,CAM_HIGH
Boudoir_Glam_0303_keypoints.json,POSE_7,CAM_UNKNOWN
Boudoir_Glam_0304_keypoints.json,POSE_3,CAM_SLIGHT_LOW
Boudoir_Glam_0305_keypoints.json,POSE_4,CAM_HIGH
Boudoir_Glam_0306_keypoints.json,POSE_4,CAM_HIGH
Boudoir_Glam_0307_keypoints.json,POSE_7,CAM_UNKNOWN
Boudoir_Glam_0308_keypoints.json,POSE_4,CAM_LOW
Boudoir_Glam_0309_keypoints.json,POSE_2,CAM_LOW
Boudoir_Glam_0310_keypoints.json,POSE_7,CAM_UNKNOWN
Boudoir_Glam_0311_keypoints.json,POSE_4,CAM_HIGH
Boudoir_Glam_0312_keypoints.json,POSE_7,CAM_UNKNOWN
Boudoir_Glam_0313_keypoints.json,POSE_7,CAM_UNKNOWN
Boudoir_Glam_0314_keypoints.json,POSE_7,CAM_UNKNOWN
Boudoir_Glam_0315_keypoints.json,POSE_3,CAM_LOW
Boudoir_Glam_0316_keypoints.json,POSE_3,CAM_LOW
Boudoir_Glam_0317_keypoints.json,POSE_7,CAM_UNKNOWN
Boudoir_Glam_0318_keypoints.json,POSE_4,CAM_HIGH
Boudoir_Glam_0319_keypoints.json,POSE_7,CAM_UNKNOWN
Boudoir_Glam_0320_keypoints.json,POSE_7,CAM_UNKNOWN
Boudoir_Glam_0321_keypoints.json,POSE_3,CAM_SLIGHT_LOW
Boudoir_Glam_0322_keypoints.json,POSE_3,CAM_HIGH
Boudoir_Glam_0323_keypoints.json,POSE_3,CAM_HIGH
Boudoir_Glam_0324_keypoints.json,POSE_4,CAM_HIGH
Boudoir_Glam_0325_keypoints.json,POSE_4,CAM_HIGH
Boudoir_Glam_0326_keypoints.json,POSE_3,CAM_LOW
Boudoir_Glam_0327_keypoints.json,POSE_4,CAM_HIGH
Boudoir_Glam_0328_keypoints.json,POSE_4,CAM_HIGH
Boudoir_Glam_0329_keypoints.json,POSE_4,CAM_HIGH
Boudoir_Glam_0330_keypoints.json,POSE_3,CAM_HIGH
Boudoir_Glam_0331_keypoints.json,POSE_4,CAM_EYE
Boudoir_Glam_0332_keypoints.json,POSE_4,CAM_LOW
Boudoir_Glam_0333_keypoints.json,POSE_4,CAM_HIGH
Boudoir_Glam_0334_keypoints.json,POSE_4,CAM_LOW
Boudoir_Glam_0335_keypoints.json,POSE_4,CAM_LOW
Boudoir_Glam_0336_keypoints.json,POSE_4,CAM_LOW
Boudoir_Glam_0337_keypoints.json,POSE_4,CAM_LOW
Boudoir_Glam_0338_keypoints.json,POSE_4,CAM_LOW
Boudoir_Glam_0339_keypoints.json,POSE_3,CAM_LOW
Boudoir_Glam_0340_keypoints.json,POSE_3,CAM_LOW
Boudoir_Glam_0341_keypoints.json,POSE_3,CAM_EYE
Boudoir_Glam_0342_keypoints.json,POSE_3,CAM_HIGH
Boudoir_Glam_0343_keypoints.json,POSE_3,CAM_LOW
Boudoir_Glam_0344_keypoints.json,POSE_4,CAM_LOW
Boudoir_Glam_0345_keypoints.json,POSE_4,CAM_LOW
Boudoir_Glam_0346_keypoints.json,POSE_4,CAM_LOW
Boudoir_Glam_0347_keypoints.json,POSE_3,CAM_HIGH
Boudoir_Glam_0348_keypoints.json,POSE_6,CAM_TOPDOWN
Boudoir_Glam_0349_keypoints.json,POSE_4,CAM_LOW
Boudoir_Glam_0350_keypoints.json,POSE_4,CAM_LOW
Boudoir_Glam_0351_keypoints.json,POSE_4,CAM_LOW
Boudoir_Glam_0352_keypoints.json,POSE_7,CAM_UNKNOWN
Boudoir_Glam_0353_keypoints.json,POSE_4,CAM_EYE
Boudoir_Glam_0354_keypoints.json,POSE_3,CAM_SLIGHT_LOW
Boudoir_Glam_0355_keypoints.json,POSE_3,CAM_SLIGHT_LOW
Boudoir_Glam_0356_keypoints.json,POSE_3,CAM_HIGH
Boudoir_Glam_0357_keypoints.json,POSE_4,CAM_LOW
Boudoir_Glam_0358_keypoints.json,POSE_4,CAM_SLIGHT_LOW
Boudoir_Glam_0359_keypoints.json,POSE_7,CAM_UNKNOWN
Boudoir_Glam_0360_keypoints.json,POSE_3,CAM_HIGH
Boudoir_Glam_0361_keypoints.json,POSE_4,CAM_HIGH
Boudoir_Glam_0362_keypoints.json,POSE_3,CAM_HIGH
Boudoir_Glam_0363_keypoints.json,POSE_3,CAM_HIGH
Boudoir_Glam_0364_keypoints.json,POSE_3,CAM_LOW
Boudoir_Glam_0365_keypoints.json,POSE_3,CAM_LOW
Boudoir_Glam_0366_keypoints.json,POSE_3,CAM_LOW
Boudoir_Glam_0367_keypoints.json,POSE_4,CAM_SLIGHT_HIGH
Boudoir_Glam_0368_keypoints.json,POSE_3,CAM_HIGH
Boudoir_Glam_0369_keypoints.json,POSE_3,CAM_HIGH
Boudoir_Glam_0370_keypoints.json,POSE_3,CAM_SLIGHT_LOW
Boudoir_Glam_0371_keypoints.json,POSE_3,CAM_EYE
Boudoir_Glam_0372_keypoints.json,POSE_3,CAM_SLIGHT_HIGH
Boudoir_Glam_0373_keypoints.json,POSE_3,CAM_HIGH
Boudoir_Glam_0374_keypoints.json,POSE_4,CAM_HIGH
Boudoir_Glam_0375_keypoints.json,POSE_3,CAM_HIGH
Boudoir_Glam_0376_keypoints.json,POSE_3,CAM_HIGH
Boudoir_Glam_0377_keypoints.json,POSE_3,CAM_HIGH
Boudoir_Glam_0378_keypoints.json,POSE_4,CAM_HIGH
Boudoir_Glam_0379_keypoints.json,POSE_3,CAM_HIGH
Boudoir_Glam_0380_keypoints.json,POSE_3,CAM_HIGH
Boudoir_Glam_0381_keypoints.json,POSE_3,CAM_HIGH
Boudoir_Glam_0382_keypoints.json,POSE_7,CAM_UNKNOWN
Boudoir_Glam_0383_keypoints.json,POSE_7,CAM_UNKNOWN
Boudoir_Glam_0384_keypoints.json,POSE_3,CAM_SLIGHT_LOW
Boudoir_Glam_0385_keypoints.json,POSE_3,CAM_LOW
Boudoir_Glam_0386_keypoints.json,POSE_7,CAM_UNKNOWN
Boudoir_Glam_0387_keypoints.json,POSE_4,CAM_LOW
Boudoir_Glam_0388_keypoints.json,POSE_4,CAM_LOW
Boudoir_Glam_0389_keypoints.json,POSE_4,CAM_HIGH
Boudoir_Glam_0390_keypoints.json,POSE_4,CAM_SLIGHT_HIGH
Boudoir_Glam_0391_keypoints.json,POSE_4,CAM_HIGH
Boudoir_Glam_0392_keypoints.json,POSE_7,CAM_UNKNOWN
Boudoir_Glam_0393_keypoints.json,POSE_7,CAM_UNKNOWN
Boudoir_Glam_0394_keypoints.json,POSE_4,CAM_SLIGHT_LOW
Boudoir_Glam_0395_keypoints.json,POSE_4,CAM_HIGH
Boudoir_Glam_0396_keypoints.json,POSE_3,CAM_HIGH
Boudoir_Glam_0397_keypoints.json,POSE_3,CAM_EYE
Boudoir_Glam_0398_keypoints.json,POSE_3,CAM_HIGH
Boudoir_Glam_0399_keypoints.json,POSE_4,CAM_HIGH
Boudoir_Glam_0400_keypoints.json,POSE_3,CAM_HIGH
Boudoir_Glam_0401_keypoints.json,POSE_7,CAM_UNKNOWN
Boudoir_Glam_0402_keypoints.json,POSE_7,CAM_UNKNOWN
Boudoir_Glam_0403_keypoints.json,POSE_7,CAM_UNKNOWN
Boudoir_Glam_0404_keypoints.json,POSE_7,CAM_UNKNOWN
Boudoir_Glam_0405_keypoints.json,POSE_7,CAM_UNKNOWN
Boudoir_Glam_0406_keypoints.json,POSE_7,CAM_UNKNOWN
Boudoir_Glam_0407_keypoints.json,POSE_7,CAM_UNKNOWN
Boudoir_Glam_0408_keypoints.json,POSE_7,CAM_UNKNOWN
Boudoir_Glam_0409_keypoints.json,POSE_7,CAM_UNKNOWN
Boudoir_Glam_0410_keypoints.json,POSE_7,CAM_UNKNOWN
Boudoir_Glam_0411_keypoints.json,POSE_7,CAM_UNKNOWN
Boudoir_Glam_0412_keypoints.json,POSE_4,CAM_LOW
Boudoir_Glam_0413_keypoints.json,POSE_4,CAM_SLIGHT_LOW
Boudoir_Glam_0414_keypoints.json,POSE_7,CAM_UNKNOWN
Boudoir_Glam_0415_keypoints.json,POSE_7,CAM_UNKNOWN
Boudoir_Glam_0416_keypoints.json,POSE_7,CAM_UNKNOWN
Boudoir_Glam_0417_keypoints.json,POSE_7,CAM_UNKNOWN
Boudoir_Glam_0418_keypoints.json,POSE_7,CAM_UNKNOWN
Boudoir_Glam_0419_keypoints.json,POSE_7,CAM_UNKNOWN
Boudoir_Glam_0420_keypoints.json,POSE_7,CAM_UNKNOWN
Boudoir_Glam_0421_keypoints.json,POSE_7,CAM_UNKNOWN
Boudoir_Glam_0422_keypoints.json,POSE_7,CAM_UNKNOWN
Boudoir_Glam_0423_keypoints.json,POSE_7,CAM_UNKNOWN
Boudoir_Glam_0424_keypoints.json,POSE_7,CAM_UNKNOWN
Boudoir_Glam_0425_keypoints.json,POSE_7,CAM_UNKNOWN
Boudoir_Glam_0426_keypoints.json,POSE_7,CAM_UNKNOWN
Boudoir_Glam_0427_keypoints.json,POSE_7,CAM_UNKNOWN
Boudoir_Glam_0428_keypoints.json,POSE_4,CAM_LOW
Boudoir_Glam_0429_keypoints.json,POSE_7,CAM_UNKNOWN
Boudoir_Glam_0430_keypoints.json,POSE_7,CAM_UNKNOWN
Boudoir_Glam_0431_keypoints.json,POSE_7,CAM_UNKNOWN
Boudoir_Glam_0432_keypoints.json,POSE_7,CAM_UNKNOWN
Boudoir_Glam_0433_keypoints.json,POSE_7,CAM_UNKNOWN
Boudoir_Glam_0434_keypoints.json,POSE_7,CAM_UNKNOWN
Boudoir_Glam_0435_keypoints.json,POSE_7,CAM_UNKNOWN
Boudoir_Glam_0436_keypoints.json,POSE_7,CAM_UNKNOWN
Boudoir_Glam_0437_keypoints.json,POSE_4,CAM_HIGH
Boudoir_Glam_0438_keypoints.json,POSE_7,CAM_UNKNOWN
Boudoir_Glam_0439_keypoints.json,POSE_7,CAM_UNKNOWN
Boudoir_Glam_0440_keypoints.json,POSE_7,CAM_UNKNOWN
Boudoir_Glam_0441_keypoints.json,POSE_7,CAM_UNKNOWN
Boudoir_Glam_0442_keypoints.json,POSE_6,CAM_TOPDOWN
Boudoir_Glam_0443_keypoints.json,POSE_6,CAM_TOPDOWN
Boudoir_Glam_0444_keypoints.json,POSE_7,CAM_UNKNOWN
Boudoir_Glam_0445_keypoints.json,POSE_7,CAM_UNKNOWN
Boudoir_Glam_0446_keypoints.json,POSE_7,CAM_UNKNOWN
Boudoir_Glam_0447_keypoints.json,POSE_7,CAM_UNKNOWN
Boudoir_Glam_0448_keypoints.json,POSE_7,CAM_UNKNOWN
Boudoir_Glam_0449_keypoints.json,POSE_6,CAM_TOPDOWN
Boudoir_Glam_0450_keypoints.json,POSE_4,CAM_HIGH
Boudoir_Glam_0451_keypoints.json,POSE_6,CAM_TOPDOWN
Boudoir_Glam_0452_keypoints.json,POSE_7,CAM_UNKNOWN
Boudoir_Glam_0453_keypoints.json,POSE_6,CAM_TOPDOWN
Boudoir_Glam_0454_keypoints.json,POSE_7,CAM_UNKNOWN
Boudoir_Glam_0455_keypoints.json,POSE_7,CAM_UNKNOWN
Boudoir_Glam_0456_keypoints.json,POSE_7,CAM_UNKNOWN
Boudoir_Glam_0457_keypoints.json,POSE_7,CAM_UNKNOWN
Boudoir_Glam_0458_keypoints.json,POSE_4,CAM_LOW
Boudoir_Glam_0459_keypoints.json,POSE_7,CAM_UNKNOWN
Boudoir_Glam_0460_keypoints.json,POSE_3,CAM_LOW
Boudoir_Glam_0461_keypoints.json,POSE_7,CAM_UNKNOWN
Boudoir_Glam_0462_keypoints.json,POSE_7,CAM_UNKNOWN
Boudoir_Glam_0463_keypoints.json,POSE_6,CAM_TOPDOWN
Boudoir_Glam_0464_keypoints.json,POSE_4,CAM_SLIGHT_LOW
Boudoir_Glam_0465_keypoints.json,POSE_7,CAM_UNKNOWN
Boudoir_Glam_0466_keypoints.json,POSE_7,CAM_UNKNOWN
Boudoir_Glam_0467_keypoints.json,POSE_3,CAM_UNKNOWN
Boudoir_Glam_0468_keypoints.json,POSE_6,CAM_TOPDOWN
Boudoir_Glam_0469_keypoints.json,POSE_4,CAM_LOW
Boudoir_Glam_0470_keypoints.json,POSE_4,CAM_LOW
Boudoir_Glam_0471_keypoints.json,POSE_4,CAM_LOW
Boudoir_Glam_0472_keypoints.json,POSE_7,CAM_UNKNOWN
Boudoir_Glam_0473_keypoints.json,POSE_7,CAM_UNKNOWN
Boudoir_Glam_0474_keypoints.json,POSE_7,CAM_UNKNOWN
Boudoir_Glam_0475_keypoints.json,POSE_7,CAM_UNKNOWN
Boudoir_Glam_0476_keypoints.json,POSE_4,CAM_LOW
Boudoir_Glam_0477_keypoints.json,POSE_4,CAM_LOW
Boudoir_Glam_0478_keypoints.json,POSE_4,CAM_HIGH
Boudoir_Glam_0479_keypoints.json,POSE_4,CAM_LOW
Boudoir_Glam_0480_keypoints.json,POSE_7,CAM_UNKNOWN
Boudoir_Glam_0481_keypoints.json,POSE_4,CAM_LOW
Boudoir_Glam_0482_keypoints.json,POSE_3,CAM_LOW
Boudoir_Glam_0483_keypoints.json,POSE_4,CAM_LOW
Boudoir_Glam_0484_keypoints.json,POSE_4,CAM_LOW
Boudoir_Glam_0485_keypoints.json,POSE_3,CAM_LOW
Boudoir_Glam_0486_keypoints.json,POSE_4,CAM_LOW
Boudoir_Glam_0487_keypoints.json,POSE_4,CAM_LOW
Boudoir_Glam_0488_keypoints.json,POSE_7,CAM_UNKNOWN
Boudoir_Glam_0489_keypoints.json,POSE_3,CAM_HIGH
Boudoir_Glam_0490_keypoints.json,POSE_3,CAM_HIGH
Boudoir_Glam_0491_keypoints.json,POSE_4,CAM_LOW
Boudoir_Glam_0492_keypoints.json,POSE_4,CAM_EYE
Boudoir_Glam_0493_keypoints.json,POSE_7,CAM_UNKNOWN
Boudoir_Glam_0494_keypoints.json,POSE_6,CAM_TOPDOWN
Boudoir_Glam_0495_keypoints.json,POSE_4,CAM_LOW
Boudoir_Glam_0496_keypoints.json,POSE_3,CAM_LOW
Boudoir_Glam_0497_keypoints.json,POSE_6,CAM_TOPDOWN
Boudoir_Glam_0498_keypoints.json,POSE_6,CAM_TOPDOWN
Boudoir_Glam_0499_keypoints.json,POSE_7,CAM_UNKNOWN
Boudoir_Glam_0500_keypoints.json,POSE_4,CAM_LOW
Boudoir_Glam_0501_keypoints.json,POSE_4,CAM_LOW
Boudoir_Glam_0502_keypoints.json,POSE_6,CAM_TOPDOWN
Boudoir_Glam_0503_keypoints.json,POSE_6,CAM_TOPDOWN
Boudoir_Glam_0504_keypoints.json,POSE_6,CAM_TOPDOWN
Boudoir_Glam_0505_keypoints.json,POSE_7,CAM_UNKNOWN
Boudoir_Glam_0506_keypoints.json,POSE_6,CAM_TOPDOWN
Boudoir_Glam_0507_keypoints.json,POSE_4,CAM_LOW
Boudoir_Glam_0508_keypoints.json,POSE_6,CAM_TOPDOWN
Boudoir_Glam_0509_keypoints.json,POSE_7,CAM_UNKNOWN
Boudoir_Glam_0510_keypoints.json,POSE_7,CAM_UNKNOWN
Boudoir_Glam_0511_keypoints.json,POSE_7,CAM_UNKNOWN
Boudoir_Glam_0512_keypoints.json,POSE_6,CAM_TOPDOWN
Boudoir_Glam_0513_keypoints.json,POSE_7,CAM_UNKNOWN
Boudoir_Glam_0514_keypoints.json,POSE_7,CAM_UNKNOWN
Boudoir_Glam_0515_keypoints.json,POSE_7,CAM_UNKNOWN
Boudoir_Glam_0516_keypoints.json,POSE_6,CAM_TOPDOWN
Boudoir_Glam_0517_keypoints.json,POSE_6,CAM_TOPDOWN
Boudoir_Glam_0518_keypoints.json,POSE_6,CAM_TOPDOWN
Boudoir_Glam_0519_keypoints.json,POSE_7,CAM_UNKNOWN
Boudoir_Glam_0520_keypoints.json,POSE_3,CAM_SLIGHT_LOW
Boudoir_Glam_0521_keypoints.json,POSE_6,CAM_TOPDOWN
Boudoir_Glam_0522_keypoints.json,POSE_6,CAM_TOPDOWN
Boudoir_Glam_0523_keypoints.json,POSE_7,CAM_UNKNOWN
Boudoir_Glam_0524_keypoints.json,POSE_6,CAM_TOPDOWN
Boudoir_Glam_0525_keypoints.json,POSE_7,CAM_UNKNOWN
Boudoir_Glam_0526_keypoints.json,POSE_7,CAM_UNKNOWN
Boudoir_Glam_0527_keypoints.json,POSE_7,CAM_UNKNOWN
Boudoir_Glam_0528_keypoints.json,POSE_7,CAM_UNKNOWN
Boudoir_Glam_0529_keypoints.json,POSE_7,CAM_UNKNOWN
Boudoir_Glam_0530_keypoints.json,POSE_7,CAM_UNKNOWN
Boudoir_Glam_0531_keypoints.json,POSE_4,CAM_SLIGHT_LOW
Boudoir_Glam_0532_keypoints.json,POSE_7,CAM_UNKNOWN
Boudoir_Glam_0533_keypoints.json,POSE_7,CAM_UNKNOWN
Boudoir_Glam_0534_keypoints.json,POSE_6,CAM_TOPDOWN
Boudoir_Glam_0535_keypoints.json,POSE_7,CAM_LOW
Boudoir_Glam_0536_keypoints.json,POSE_3,CAM_LOW
Boudoir_Glam_0537_keypoints.json,POSE_7,CAM_UNKNOWN
Boudoir_Glam_0538_keypoints.json,POSE_7,CAM_UNKNOWN
Boudoir_Glam_0539_keypoints.json,POSE_7,CAM_UNKNOWN
Boudoir_Glam_0540_keypoints.json,POSE_7,CAM_UNKNOWN
Boudoir_Glam_0541_keypoints.json,POSE_7,CAM_UNKNOWN
Boudoir_Glam_0542_keypoints.json,POSE_3,CAM_LOW
Boudoir_Glam_0543_keypoints.json,POSE_7,CAM_UNKNOWN
Boudoir_Glam_0544_keypoints.json,POSE_7,CAM_UNKNOWN
Boudoir_Glam_0545_keypoints.json,POSE_7,CAM_UNKNOWN
Boudoir_Glam_0546_keypoints.json,POSE_4,CAM_LOW
Boudoir_Glam_0547_keypoints.json,POSE_7,CAM_UNKNOWN
Boudoir_Glam_0548_keypoints.json,POSE_6,CAM_TOPDOWN
Boudoir_Glam_0549_keypoints.json,POSE_4,CAM_LOW
Boudoir_Glam_0550_keypoints.json,POSE_7,CAM_UNKNOWN
Boudoir_Glam_0551_keypoints.json,POSE_7,CAM_UNKNOWN
Boudoir_Glam_0552_keypoints.json,POSE_7,CAM_UNKNOWN
Boudoir_Glam_0553_keypoints.json,POSE_7,CAM_UNKNOWN
Boudoir_Glam_0554_keypoints.json,POSE_7,CAM_UNKNOWN
Boudoir_Glam_0555_keypoints.json,POSE_3,CAM_LOW
Boudoir_Glam_0556_keypoints.json,POSE_7,CAM_UNKNOWN
Boudoir_Glam_0557_keypoints.json,POSE_7,CAM_UNKNOWN
Boudoir_Glam_0558_keypoints.json,POSE_7,CAM_UNKNOWN
Boudoir_Glam_0559_keypoints.json,POSE_4,CAM_LOW
Boudoir_Glam_0560_keypoints.json,POSE_4,CAM_LOW
Boudoir_Glam_0561_keypoints.json,POSE_4,CAM_LOW
Boudoir_Glam_0562_keypoints.json,POSE_7,CAM_UNKNOWN
Boudoir_Glam_0563_keypoints.json,POSE_7,CAM_UNKNOWN
Boudoir_Glam_0564_keypoints.json,POSE_3,CAM_LOW
Boudoir_Glam_0565_keypoints.json,POSE_7,CAM_UNKNOWN
Boudoir_Glam_0566_keypoints.json,POSE_7,CAM_UNKNOWN
Boudoir_Glam_0567_keypoints.json,POSE_3,CAM_LOW
Boudoir_Glam_0568_keypoints.json,POSE_4,CAM_LOW
Boudoir_Glam_0569_keypoints.json,POSE_3,CAM_LOW
Boudoir_Glam_0570_keypoints.json,POSE_7,CAM_UNKNOWN
Boudoir_Glam_0571_keypoints.json,POSE_7,CAM_UNKNOWN
Boudoir_Glam_0572_keypoints.json,POSE_3,CAM_LOW
Boudoir_Glam_0573_keypoints.json,POSE_7,CAM_UNKNOWN
Boudoir_Glam_0574_keypoints.json,POSE_6,CAM_TOPDOWN
Boudoir_Glam_0575_keypoints.json,POSE_4,CAM_LOW
Boudoir_Glam_0576_keypoints.json,POSE_7,CAM_UNKNOWN
Boudoir_Glam_0577_keypoints.json,POSE_7,CAM_UNKNOWN
Boudoir_Glam_0578_keypoints.json,POSE_7,CAM_UNKNOWN
Boudoir_Glam_0579_keypoints.json,POSE_6,CAM_TOPDOWN
Boudoir_Glam_0580_keypoints.json,POSE_7,CAM_UNKNOWN
Boudoir_Glam_0581_keypoints.json,POSE_7,CAM_UNKNOWN
Boudoir_Glam_0582_keypoints.json,POSE_7,CAM_UNKNOWN
Boudoir_Glam_0583_keypoints.json,POSE_7,CAM_UNKNOWN
Boudoir_Glam_0584_keypoints.json,POSE_7,CAM_UNKNOWN
Boudoir_Glam_0585_keypoints.json,POSE_7,CAM_UNKNOWN
Boudoir_Glam_0586_keypoints.json,POSE_7,CAM_UNKNOWN
Boudoir_Glam_0587_keypoints.json,POSE_7,CAM_UNKNOWN
Boudoir_Glam_0588_keypoints.json,POSE_7,CAM_HIGH
Boudoir_Glam_0589_keypoints.json,POSE_3,CAM_LOW
Boudoir_Glam_0590_keypoints.json,POSE_7,CAM_UNKNOWN
Boudoir_Glam_0591_keypoints.json,POSE_7,CAM_UNKNOWN
Boudoir_Glam_0592_keypoints.json,POSE_7,CAM_UNKNOWN
Boudoir_Glam_0593_keypoints.json,POSE_7,CAM_UNKNOWN
Boudoir_Glam_0594_keypoints.json,POSE_6,CAM_TOPDOWN
Boudoir_Glam_0595_keypoints.json,POSE_7,CAM_UNKNOWN
Boudoir_Glam_0596_keypoints.json,POSE_7,CAM_UNKNOWN
Boudoir_Glam_0597_keypoints.json,POSE_7,CAM_UNKNOWN
Boudoir_Glam_0598_keypoints.json,POSE_7,CAM_UNKNOWN
Boudoir_Glam_0599_keypoints.json,POSE_6,CAM_TOPDOWN
Boudoir_Glam_0600_keypoints.json,POSE_6,CAM_TOPDOWN
Boudoir_Glam_0601_keypoints.json,POSE_6,CAM_TOPDOWN
Boudoir_Glam_0602_keypoints.json,POSE_6,CAM_TOPDOWN
Boudoir_Glam_0603_keypoints.json,POSE_7,CAM_UNKNOWN
Boudoir_Glam_0604_keypoints.json,POSE_6,CAM_TOPDOWN
Boudoir_Glam_0605_keypoints.json,POSE_3,CAM_LOW
Boudoir_Glam_0606_keypoints.json,POSE_7,CAM_UNKNOWN
Boudoir_Glam_0607_keypoints.json,POSE_3,CAM_SLIGHT_LOW
Boudoir_Glam_0608_keypoints.json,POSE_7,CAM_UNKNOWN
Boudoir_Glam_0609_keypoints.json,POSE_7,CAM_UNKNOWN
Boudoir_Glam_0610_keypoints.json,POSE_7,CAM_UNKNOWN
Boudoir_Glam_0611_keypoints.json,POSE_7,CAM_UNKNOWN
Boudoir_Glam_0612_keypoints.json,POSE_7,CAM_UNKNOWN
Boudoir_Glam_0613_keypoints.json,POSE_7,CAM_UNKNOWN
Boudoir_Glam_0614_keypoints.json,POSE_4,CAM_LOW
Boudoir_Glam_0615_keypoints.json,POSE_4,CAM_HIGH
Boudoir_Glam_0616_keypoints.json,POSE_4,CAM_HIGH
Boudoir_Glam_0617_keypoints.json,POSE_3,CAM_LOW
Boudoir_Glam_0618_keypoints.json,POSE_4,CAM_LOW
Boudoir_Glam_0619_keypoints.json,POSE_4,CAM_HIGH
Boudoir_Glam_0620_keypoints.json,POSE_4,CAM_SLIGHT_LOW
Boudoir_Glam_0621_keypoints.json,POSE_3,CAM_LOW
Boudoir_Glam_0622_keypoints.json,POSE_4,CAM_LOW
Boudoir_Glam_0623_keypoints.json,POSE_3,CAM_LOW
Boudoir_Glam_0624_keypoints.json,POSE_6,CAM_TOPDOWN
Boudoir_Glam_0625_keypoints.json,POSE_4,CAM_LOW
Boudoir_Glam_0626_keypoints.json,POSE_4,CAM_SLIGHT_LOW
Boudoir_Glam_0627_keypoints.json,POSE_4,CAM_LOW
Boudoir_Glam_0628_keypoints.json,POSE_3,CAM_LOW
Boudoir_Glam_0629_keypoints.json,POSE_4,CAM_LOW
Boudoir_Glam_0630_keypoints.json,POSE_4,CAM_SLIGHT_LOW
Boudoir_Glam_0631_keypoints.json,POSE_4,CAM_SLIGHT_HIGH
Boudoir_Glam_0632_keypoints.json,POSE_3,CAM_HIGH
Boudoir_Glam_0633_keypoints.json,POSE_3,CAM_LOW
Boudoir_Glam_0634_keypoints.json,POSE_7,CAM_UNKNOWN
Boudoir_Glam_0635_keypoints.json,POSE_4,CAM_SLIGHT_LOW
Boudoir_Glam_0636_keypoints.json,POSE_4,CAM_LOW
Boudoir_Glam_0637_keypoints.json,POSE_4,CAM_EYE
Boudoir_Glam_0638_keypoints.json,POSE_3,CAM_SLIGHT_LOW
Boudoir_Glam_0639_keypoints.json,POSE_4,CAM_LOW
Boudoir_Glam_0640_keypoints.json,POSE_4,CAM_LOW
Boudoir_Glam_0641_keypoints.json,POSE_4,CAM_LOW
Boudoir_Glam_0642_keypoints.json,POSE_3,CAM_LOW
Boudoir_Glam_0643_keypoints.json,POSE_7,CAM_UNKNOWN
Boudoir_Glam_0644_keypoints.json,POSE_7,CAM_UNKNOWN
Boudoir_Glam_0645_keypoints.json,POSE_7,CAM_UNKNOWN
Boudoir_Glam_0646_keypoints.json,POSE_4,CAM_HIGH
Boudoir_Glam_0647_keypoints.json,POSE_4,CAM_HIGH
Boudoir_Glam_0648_keypoints.json,POSE_4,CAM_SLIGHT_HIGH
Boudoir_Glam_0649_keypoints.json,POSE_7,CAM_UNKNOWN
Boudoir_Glam_0650_keypoints.json,POSE_4,CAM_HIGH
Boudoir_Glam_0651_keypoints.json,POSE_4,CAM_HIGH
Boudoir_Glam_0652_keypoints.json,POSE_3,CAM_HIGH
Boudoir_Glam_0653_keypoints.json,POSE_7,CAM_UNKNOWN
Boudoir_Glam_0654_keypoints.json,POSE_4,CAM_EYE
Boudoir_Glam_0655_keypoints.json,POSE_4,CAM_LOW
Boudoir_Glam_0656_keypoints.json,POSE_4,CAM_LOW
Boudoir_Glam_0657_keypoints.json,POSE_4,CAM_LOW
Boudoir_Glam_0658_keypoints.json,POSE_4,CAM_SLIGHT_HIGH
Boudoir_Glam_0659_keypoints.json,POSE_4,CAM_LOW
Boudoir_Glam_0660_keypoints.json,POSE_3,CAM_LOW
Boudoir_Glam_0661_keypoints.json,POSE_7,CAM_UNKNOWN
Boudoir_Glam_0662_keypoints.json,POSE_4,CAM_LOW
Boudoir_Glam_0663_keypoints.json,POSE_4,CAM_LOW
Boudoir_Glam_0664_keypoints.json,POSE_4,CAM_HIGH
Boudoir_Glam_0665_keypoints.json,POSE_3,CAM_SLIGHT_LOW
Boudoir_Glam_0666_keypoints.json,POSE_4,CAM_EYE
Boudoir_Glam_0667_keypoints.json,POSE_3,CAM_LOW
Boudoir_Glam_0668_keypoints.json,POSE_3,CAM_LOW
Boudoir_Glam_0669_keypoints.json,POSE_4,CAM_LOW
Boudoir_Glam_0670_keypoints.json,POSE_4,CAM_LOW
Boudoir_Glam_0671_keypoints.json,POSE_4,CAM_LOW
Boudoir_Glam_0672_keypoints.json,POSE_4,CAM_SLIGHT_LOW
Boudoir_Glam_0673_keypoints.json,POSE_4,CAM_LOW
Boudoir_Glam_0674_keypoints.json,POSE_4,CAM_LOW
Boudoir_Glam_0675_keypoints.json,POSE_4,CAM_HIGH
Boudoir_Glam_0676_keypoints.json,POSE_3,CAM_HIGH
Boudoir_Glam_0677_keypoints.json,POSE_4,CAM_HIGH
Boudoir_Glam_0678_keypoints.json,POSE_4,CAM_HIGH
Boudoir_Glam_0679_keypoints.json,POSE_4,CAM_HIGH
Boudoir_Glam_0680_keypoints.json,POSE_3,CAM_HIGH
Boudoir_Glam_0681_keypoints.json,POSE_4,CAM_HIGH
Boudoir_Glam_0682_keypoints.json,POSE_3,CAM_LOW
Boudoir_Glam_0683_keypoints.json,POSE_4,CAM_HIGH
Boudoir_Glam_0684_keypoints.json,POSE_3,CAM_LOW
Boudoir_Glam_0685_keypoints.json,POSE_3,CAM_LOW
Boudoir_Glam_0686_keypoints.json,POSE_4,CAM_EYE
Boudoir_Glam_0687_keypoints.json,POSE_4,CAM_HIGH
Boudoir_Glam_0688_keypoints.json,POSE_3,CAM_LOW
Boudoir_Glam_0689_keypoints.json,POSE_4,CAM_HIGH
Boudoir_Glam_0690_keypoints.json,POSE_4,CAM_HIGH
Boudoir_Glam_0691_keypoints.json,POSE_4,CAM_LOW
Boudoir_Glam_0692_keypoints.json,POSE_4,CAM_HIGH
Boudoir_Glam_0693_keypoints.json,POSE_4,CAM_SLIGHT_LOW
Boudoir_Glam_0694_keypoints.json,POSE_4,CAM_HIGH
Boudoir_Glam_0695_keypoints.json,POSE_4,CAM_HIGH
Boudoir_Glam_0696_keypoints.json,POSE_3,CAM_HIGH
Boudoir_Glam_0697_keypoints.json,POSE_4,CAM_HIGH
Boudoir_Glam_0698_keypoints.json,POSE_4,CAM_LOW
Boudoir_Glam_0699_keypoints.json,POSE_4,CAM_LOW
Boudoir_Glam_0700_keypoints.json,POSE_4,CAM_LOW
Boudoir_Glam_0701_keypoints.json,POSE_4,CAM_LOW
Boudoir_Glam_0702_keypoints.json,POSE_4,CAM_SLIGHT_HIGH
Boudoir_Glam_0703_keypoints.json,POSE_4,CAM_LOW
Boudoir_Glam_0704_keypoints.json,POSE_4,CAM_LOW
Boudoir_Glam_0705_keypoints.json,POSE_4,CAM_LOW
Boudoir_Glam_0706_keypoints.json,POSE_4,CAM_SLIGHT_LOW
Boudoir_Glam_0707_keypoints.json,POSE_3,CAM_SLIGHT_HIGH
Boudoir_Glam_0708_keypoints.json,POSE_4,CAM_HIGH
Boudoir_Glam_0709_keypoints.json,POSE_3,CAM_LOW
Boudoir_Glam_0710_keypoints.json,POSE_3,CAM_LOW
Boudoir_Glam_0711_keypoints.json,POSE_4,CAM_LOW
Boudoir_Glam_0712_keypoints.json,POSE_4,CAM_HIGH
Boudoir_Glam_0713_keypoints.json,POSE_3,CAM_SLIGHT_HIGH
Boudoir_Glam_0714_keypoints.json,POSE_3,CAM_SLIGHT_LOW
Boudoir_Glam_0715_keypoints.json,POSE_4,CAM_LOW
Boudoir_Glam_0716_keypoints.json,POSE_3,CAM_LOW
Boudoir_Glam_0717_keypoints.json,POSE_4,CAM_LOW
Boudoir_Glam_0718_keypoints.json,POSE_3,CAM_LOW
Boudoir_Glam_0719_keypoints.json,POSE_3,CAM_LOW
Boudoir_Glam_0720_keypoints.json,POSE_7,CAM_UNKNOWN
Boudoir_Glam_0721_keypoints.json,POSE_4,CAM_HIGH
Boudoir_Glam_0722_keypoints.json,POSE_4,CAM_HIGH
Boudoir_Glam_0723_keypoints.json,POSE_4,CAM_HIGH
Boudoir_Glam_0724_keypoints.json,POSE_4,CAM_EYE
Boudoir_Glam_0725_keypoints.json,POSE_4,CAM_HIGH
Boudoir_Glam_0726_keypoints.json,POSE_3,CAM_LOW
Boudoir_Glam_0727_keypoints.json,POSE_4,CAM_LOW
Boudoir_Glam_0728_keypoints.json,POSE_3,CAM_LOW
Boudoir_Glam_0729_keypoints.json,POSE_7,CAM_UNKNOWN
Boudoir_Glam_0730_keypoints.json,POSE_7,CAM_UNKNOWN
Boudoir_Glam_0731_keypoints.json,POSE_4,CAM_LOW
Boudoir_Glam_0732_keypoints.json,POSE_7,CAM_HIGH
Boudoir_Glam_0733_keypoints.json,POSE_7,CAM_EYE
Boudoir_Glam_0734_keypoints.json,POSE_3,CAM_HIGH
Boudoir_Glam_0735_keypoints.json,POSE_7,CAM_HIGH
Boudoir_Glam_0736_keypoints.json,POSE_7,CAM_HIGH
Boudoir_Glam_0737_keypoints.json,POSE_7,CAM_HIGH
Boudoir_Glam_0738_keypoints.json,POSE_7,CAM_HIGH
Boudoir_Glam_0739_keypoints.json,POSE_7,CAM_HIGH
Boudoir_Glam_0740_keypoints.json,POSE_7,CAM_HIGH
Boudoir_Glam_0741_keypoints.json,POSE_7,CAM_HIGH
Boudoir_Glam_0742_keypoints.json,POSE_7,CAM_HIGH
Boudoir_Glam_0743_keypoints.json,POSE_7,CAM_SLIGHT_LOW
Boudoir_Glam_0744_keypoints.json,POSE_7,CAM_HIGH
Boudoir_Glam_0745_keypoints.json,POSE_4,CAM_EYE
Boudoir_Glam_0746_keypoints.json,POSE_7,CAM_HIGH
Boudoir_Glam_0747_keypoints.json,POSE_7,CAM_HIGH
Boudoir_Glam_0748_keypoints.json,POSE_7,CAM_HIGH
Boudoir_Glam_0749_keypoints.json,POSE_7,CAM_HIGH
Boudoir_Glam_0750_keypoints.json,POSE_7,CAM_HIGH
Boudoir_Glam_0751_keypoints.json,POSE_7,CAM_HIGH
Boudoir_Glam_0752_keypoints.json,POSE_7,CAM_LOW
Boudoir_Glam_0753_keypoints.json,POSE_7,CAM_LOW
Boudoir_Glam_0754_keypoints.json,POSE_7,CAM_SLIGHT_HIGH
Boudoir_Glam_0755_keypoints.json,POSE_4,CAM_HIGH
Boudoir_Glam_0756_keypoints.json,POSE_7,CAM_HIGH
Boudoir_Glam_0757_keypoints.json,POSE_7,CAM_HIGH
Boudoir_Glam_0758_keypoints.json,POSE_7,CAM_EYE
Boudoir_Glam_0759_keypoints.json,POSE_7,CAM_HIGH
Boudoir_Glam_0760_keypoints.json,POSE_7,CAM_HIGH
Boudoir_Glam_0761_keypoints.json,POSE_7,CAM_SLIGHT_LOW
Boudoir_Glam_0762_keypoints.json,POSE_7,CAM_HIGH
Boudoir_Glam_0763_keypoints.json,POSE_7,CAM_HIGH
Boudoir_Glam_0764_keypoints.json,POSE_7,CAM_HIGH
Boudoir_Glam_0765_keypoints.json,POSE_7,CAM_HIGH
Boudoir_Glam_0766_keypoints.json,POSE_4,CAM_HIGH
Boudoir_Glam_0767_keypoints.json,POSE_7,CAM_HIGH
Boudoir_Glam_0768_keypoints.json,POSE_7,CAM_HIGH
Boudoir_Glam_0769_keypoints.json,POSE_7,CAM_HIGH
Boudoir_Glam_0770_keypoints.json,POSE_7,CAM_HIGH
Boudoir_Glam_0771_keypoints.json,POSE_7,CAM_SLIGHT_LOW
Boudoir_Glam_0772_keypoints.json,POSE_7,CAM_HIGH
Boudoir_Glam_0773_keypoints.json,POSE_7,CAM_HIGH
Boudoir_Glam_0774_keypoints.json,POSE_7,CAM_EYE
Boudoir_Glam_0775_keypoints.json,POSE_7,CAM_HIGH
Boudoir_Glam_0776_keypoints.json,POSE_7,CAM_HIGH
Boudoir_Glam_0777_keypoints.json,POSE_4,CAM_LOW
Boudoir_Glam_0778_keypoints.json,POSE_7,CAM_HIGH
Boudoir_Glam_0779_keypoints.json,POSE_7,CAM_SLIGHT_HIGH
Boudoir_Glam_0780_keypoints.json,POSE_7,CAM_HIGH
Boudoir_Glam_0781_keypoints.json,POSE_7,CAM_EYE
Boudoir_Glam_0782_keypoints.json,POSE_7,CAM_HIGH
Boudoir_Glam_0783_keypoints.json,POSE_7,CAM_SLIGHT_LOW
Boudoir_Glam_0784_keypoints.json,POSE_7,CAM_HIGH
Boudoir_Glam_0785_keypoints.json,POSE_7,CAM_HIGH
Boudoir_Glam_0786_keypoints.json,POSE_7,CAM_EYE
Boudoir_Glam_0787_keypoints.json,POSE_7,CAM_HIGH
Boudoir_Glam_0788_keypoints.json,POSE_3,CAM_LOW
Boudoir_Glam_0789_keypoints.json,POSE_7,CAM_HIGH
Boudoir_Glam_0790_keypoints.json,POSE_7,CAM_HIGH
Boudoir_Glam_0791_keypoints.json,POSE_7,CAM_SLIGHT_HIGH
Boudoir_Glam_0792_keypoints.json,POSE_7,CAM_HIGH
Boudoir_Glam_0793_keypoints.json,POSE_7,CAM_HIGH
Boudoir_Glam_0794_keypoints.json,POSE_7,CAM_HIGH
Boudoir_Glam_0795_keypoints.json,POSE_7,CAM_HIGH
Boudoir_Glam_0796_keypoints.json,POSE_7,CAM_HIGH
Boudoir_Glam_0797_keypoints.json,POSE_7,CAM_EYE
Boudoir_Glam_0798_keypoints.json,POSE_7,CAM_HIGH
Boudoir_Glam_0799_keypoints.json,POSE_3,CAM_LOW
Boudoir_Glam_0800_keypoints.json,POSE_7,CAM_SLIGHT_HIGH
Boudoir_Glam_0801_keypoints.json,POSE_7,CAM_SLIGHT_HIGH
Boudoir_Glam_0802_keypoints.json,POSE_7,CAM_HIGH
Boudoir_Glam_0803_keypoints.json,POSE_7,CAM_HIGH
Boudoir_Glam_0804_keypoints.json,POSE_7,CAM_HIGH
Boudoir_Glam_0805_keypoints.json,POSE_7,CAM_HIGH
Boudoir_Glam_0806_keypoints.json,POSE_7,CAM_HIGH
Boudoir_Glam_0807_keypoints.json,POSE_7,CAM_HIGH
Boudoir_Glam_0808_keypoints.json,POSE_3,CAM_SLIGHT_HIGH
Boudoir_Glam_0809_keypoints.json,POSE_7,CAM_HIGH
Boudoir_Glam_0810_keypoints.json,POSE_5,CAM_TOPDOWN
Boudoir_Glam_0811_keypoints.json,POSE_7,CAM_HIGH
Boudoir_Glam_0812_keypoints.json,POSE_3,CAM_HIGH
Boudoir_Glam_0813_keypoints.json,POSE_7,CAM_HIGH
Boudoir_Glam_0814_keypoints.json,POSE_7,CAM_HIGH
Boudoir_Glam_0815_keypoints.json,POSE_7,CAM_LOW
Boudoir_Glam_0816_keypoints.json,POSE_7,CAM_HIGH
Boudoir_Glam_0817_keypoints.json,POSE_3,CAM_HIGH
Boudoir_Glam_0818_keypoints.json,POSE_7,CAM_HIGH
Boudoir_Glam_0819_keypoints.json,POSE_7,CAM_HIGH
Boudoir_Glam_0820_keypoints.json,POSE_7,CAM_SLIGHT_LOW
Boudoir_Glam_0821_keypoints.json,POSE_6,CAM_TOPDOWN
Boudoir_Glam_0822_keypoints.json,POSE_7,CAM_HIGH
Boudoir_Glam_0823_keypoints.json,POSE_7,CAM_HIGH
Boudoir_Glam_0824_keypoints.json,POSE_7,CAM_HIGH
Boudoir_Glam_0825_keypoints.json,POSE_7,CAM_HIGH
Boudoir_Glam_0826_keypoints.json,POSE_7,CAM_HIGH
Boudoir_Glam_0827_keypoints.json,POSE_7,CAM_HIGH
Boudoir_Glam_0828_keypoints.json,POSE_7,CAM_LOW
Boudoir_Glam_0829_keypoints.json,POSE_7,CAM_EYE
Boudoir_Glam_0830_keypoints.json,POSE_7,CAM_SLIGHT_LOW
Boudoir_Glam_0831_keypoints.json,POSE_7,CAM_HIGH
Boudoir_Glam_0832_keypoints.json,POSE_7,CAM_UNKNOWN
Boudoir_Glam_0833_keypoints.json,POSE_7,CAM_SLIGHT_HIGH
Boudoir_Glam_0834_keypoints.json,POSE_7,CAM_HIGH
Boudoir_Glam_0835_keypoints.json,POSE_7,CAM_HIGH
Boudoir_Glam_0836_keypoints.json,POSE_7,CAM_HIGH
Boudoir_Glam_0837_keypoints.json,POSE_3,CAM_HIGH
Boudoir_Glam_0838_keypoints.json,POSE_7,CAM_SLIGHT_HIGH
Boudoir_Glam_0839_keypoints.json,POSE_7,CAM_LOW
Boudoir_Glam_0840_keypoints.json,POSE_7,CAM_HIGH
Boudoir_Glam_0841_keypoints.json,POSE_7,CAM_HIGH
Boudoir_Glam_0842_keypoints.json,POSE_7,CAM_HIGH
Boudoir_Glam_0843_keypoints.json,POSE_4,CAM_HIGH
Boudoir_Glam_0844_keypoints.json,POSE_7,CAM_SLIGHT_LOW
Boudoir_Glam_0845_keypoints.json,POSE_7,CAM_EYE
Boudoir_Glam_0846_keypoints.json,POSE_7,CAM_SLIGHT_LOW
Boudoir_Glam_0847_keypoints.json,POSE_7,CAM_HIGH
Boudoir_Glam_0848_keypoints.json,POSE_7,CAM_HIGH
Boudoir_Glam_0849_keypoints.json,POSE_7,CAM_HIGH
Boudoir_Glam_0850_keypoints.json,POSE_7,CAM_HIGH
Boudoir_Glam_0851_keypoints.json,POSE_7,CAM_HIGH
Boudoir_Glam_0852_keypoints.json,POSE_7,CAM_HIGH
Boudoir_Glam_0853_keypoints.json,POSE_3,CAM_HIGH
Boudoir_Glam_0854_keypoints.json,POSE_7,CAM_HIGH
Boudoir_Glam_0855_keypoints.json,POSE_7,CAM_HIGH
Boudoir_Glam_0856_keypoints.json,POSE_7,CAM_HIGH
Boudoir_Glam_0857_keypoints.json,POSE_7,CAM_HIGH
Boudoir_Glam_0858_keypoints.json,POSE_7,CAM_HIGH
Boudoir_Glam_0859_keypoints.json,POSE_7,CAM_HIGH
Boudoir_Glam_0860_keypoints.json,POSE_7,CAM_HIGH
Boudoir_Glam_0861_keypoints.json,POSE_7,CAM_HIGH
Boudoir_Glam_0862_keypoints.json,POSE_7,CAM_HIGH
Boudoir_Glam_0863_keypoints.json,POSE_7,CAM_EYE
Boudoir_Glam_0864_keypoints.json,POSE_7,CAM_HIGH
Boudoir_Glam_0865_keypoints.json,POSE_7,CAM_HIGH
Boudoir_Glam_0866_keypoints.json,POSE_7,CAM_HIGH
Boudoir_Glam_0867_keypoints.json,POSE_7,CAM_HIGH
Boudoir_Glam_0868_keypoints.json,POSE_7,CAM_SLIGHT_HIGH
Boudoir_Glam_0869_keypoints.json,POSE_7,CAM_HIGH
Boudoir_Glam_0870_keypoints.json,POSE_7,CAM_HIGH
Boudoir_Glam_0871_keypoints.json,POSE_7,CAM_HIGH
Boudoir_Glam_0872_keypoints.json,POSE_7,CAM_HIGH
Boudoir_Glam_0873_keypoints.json,POSE_3,CAM_SLIGHT_LOW
Boudoir_Glam_0874_keypoints.json,POSE_7,CAM_HIGH
Boudoir_Glam_0875_keypoints.json,POSE_3,CAM_LOW
Boudoir_Glam_0876_keypoints.json,POSE_7,CAM_SLIGHT_LOW
Boudoir_Glam_0877_keypoints.json,POSE_7,CAM_HIGH
Boudoir_Glam_0878_keypoints.json,POSE_7,CAM_HIGH
Boudoir_Glam_0879_keypoints.json,POSE_7,CAM_HIGH
Boudoir_Glam_0880_keypoints.json,POSE_3,CAM_SLIGHT_LOW
Boudoir_Glam_0881_keypoints.json,POSE_7,CAM_HIGH
Boudoir_Glam_0882_keypoints.json,POSE_7,CAM_HIGH
Boudoir_Glam_0883_keypoints.json,POSE_7,CAM_HIGH
Boudoir_Glam_0884_keypoints.json,POSE_4,CAM_LOW
Boudoir_Glam_0885_keypoints.json,POSE_7,CAM_HIGH
Boudoir_Glam_0886_keypoints.json,POSE_7,CAM_HIGH
Boudoir_Glam_0887_keypoints.json,POSE_7,CAM_HIGH
Boudoir_Glam_0888_keypoints.json,POSE_7,CAM_HIGH
Boudoir_Glam_0889_keypoints.json,POSE_7,CAM_SLIGHT_HIGH
Boudoir_Glam_0890_keypoints.json,POSE_7,CAM_HIGH
Boudoir_Glam_0891_keypoints.json,POSE_7,CAM_HIGH
Boudoir_Glam_0892_keypoints.json,POSE_7,CAM_LOW
Boudoir_Glam_0893_keypoints.json,POSE_7,CAM_HIGH
Boudoir_Glam_0894_keypoints.json,POSE_4,CAM_LOW
Boudoir_Glam_0895_keypoints.json,POSE_7,CAM_SLIGHT_HIGH
Boudoir_Glam_0896_keypoints.json,POSE_7,CAM_HIGH
Boudoir_Glam_0897_keypoints.json,POSE_3,CAM_HIGH
Boudoir_Glam_0898_keypoints.json,POSE_4,CAM_EYE
Boudoir_Glam_0899_keypoints.json,POSE_2,CAM_SLIGHT_LOW
Boudoir_Glam_0900_keypoints.json,POSE_7,CAM_HIGH
Boudoir_Glam_0901_keypoints.json,POSE_6,CAM_TOPDOWN
Boudoir_Glam_0902_keypoints.json,POSE_7,CAM_HIGH
Boudoir_Glam_0903_keypoints.json,POSE_7,CAM_HIGH
Boudoir_Glam_0904_keypoints.json,POSE_7,CAM_HIGH
Boudoir_Glam_0905_keypoints.json,POSE_4,CAM_LOW
Boudoir_Glam_0906_keypoints.json,POSE_6,CAM_TOPDOWN
Boudoir_Glam_0907_keypoints.json,POSE_3,CAM_LOW
Boudoir_Glam_0908_keypoints.json,POSE_7,CAM_HIGH
Boudoir_Glam_0909_keypoints.json,POSE_4,CAM_LOW
Boudoir_Glam_0910_keypoints.json,POSE_7,CAM_HIGH
Boudoir_Glam_0911_keypoints.json,POSE_7,CAM_HIGH
Boudoir_Glam_0912_keypoints.json,POSE_7,CAM_HIGH
Boudoir_Glam_0913_keypoints.json,POSE_7,CAM_HIGH
Boudoir_Glam_0914_keypoints.json,POSE_7,CAM_HIGH
Boudoir_Glam_0915_keypoints.json,POSE_4,CAM_SLIGHT_LOW
Boudoir_Glam_0916_keypoints.json,POSE_7,CAM_HIGH
Boudoir_Glam_0917_keypoints.json,POSE_7,CAM_HIGH
Boudoir_Glam_0918_keypoints.json,POSE_7,CAM_HIGH
Boudoir_Glam_0919_keypoints.json,POSE_7,CAM_HIGH
Boudoir_Glam_0920_keypoints.json,POSE_7,CAM_HIGH
Boudoir_Glam_0921_keypoints.json,POSE_7,CAM_HIGH
Boudoir_Glam_0922_keypoints.json,POSE_7,CAM_HIGH
Boudoir_Glam_0923_keypoints.json,POSE_7,CAM_EYE
Boudoir_Glam_0924_keypoints.json,POSE_7,CAM_HIGH
Boudoir_Glam_0925_keypoints.json,POSE_7,CAM_LOW
Boudoir_Glam_0926_keypoints.json,POSE_4,CAM_LOW
Boudoir_Glam_0927_keypoints.json,POSE_7,CAM_HIGH
Boudoir_Glam_0928_keypoints.json,POSE_7,CAM_HIGH
Boudoir_Glam_0929_keypoints.json,POSE_7,CAM_HIGH
Boudoir_Glam_0930_keypoints.json,POSE_3,CAM_SLIGHT_LOW
Boudoir_Glam_0931_keypoints.json,POSE_3,CAM_HIGH
Boudoir_Glam_0932_keypoints.json,POSE_7,CAM_HIGH
Boudoir_Glam_0933_keypoints.json,POSE_7,CAM_HIGH
Boudoir_Glam_0934_keypoints.json,POSE_7,CAM_HIGH
Boudoir_Glam_0935_keypoints.json,POSE_7,CAM_HIGH
Boudoir_Glam_0936_keypoints.json,POSE_7,CAM_SLIGHT_HIGH
Boudoir_Glam_0937_keypoints.json,POSE_4,CAM_LOW
Boudoir_Glam_0938_keypoints.json,POSE_7,CAM_HIGH
Boudoir_Glam_0939_keypoints.json,POSE_7,CAM_HIGH
Boudoir_Glam_0940_keypoints.json,POSE_7,CAM_HIGH
Boudoir_Glam_0941_keypoints.json,POSE_7,CAM_HIGH
Boudoir_Glam_0942_keypoints.json,POSE_7,CAM_HIGH
Boudoir_Glam_0943_keypoints.json,POSE_7,CAM_HIGH
Boudoir_Glam_0944_keypoints.json,POSE_7,CAM_SLIGHT_LOW
Boudoir_Glam_0945_keypoints.json,POSE_7,CAM_HIGH
Boudoir_Glam_0946_keypoints.json,POSE_7,CAM_HIGH
Boudoir_Glam_0947_keypoints.json,POSE_3,CAM_EYE
Boudoir_Glam_0948_keypoints.json,POSE_7,CAM_SLIGHT_LOW
Boudoir_Glam_0949_keypoints.json,POSE_7,CAM_HIGH
Boudoir_Glam_0950_keypoints.json,POSE_7,CAM_SLIGHT_LOW
Boudoir_Glam_0951_keypoints.json,POSE_7,CAM_HIGH
Boudoir_Glam_0952_keypoints.json,POSE_7,CAM_HIGH
Boudoir_Glam_0953_keypoints.json,POSE_7,CAM_HIGH
Boudoir_Glam_0954_keypoints.json,POSE_7,CAM_LOW
Boudoir_Glam_0955_keypoints.json,POSE_7,CAM_HIGH
Boudoir_Glam_0956_keypoints.json,POSE_7,CAM_HIGH
Boudoir_Glam_0957_keypoints.json,POSE_7,CAM_HIGH
Boudoir_Glam_0958_keypoints.json,POSE_7,CAM_HIGH
Boudoir_Glam_0959_keypoints.json,POSE_7,CAM_HIGH
Boudoir_Glam_0960_keypoints.json,POSE_7,CAM_HIGH
Boudoir_Glam_0961_keypoints.json,POSE_7,CAM_HIGH
Boudoir_Glam_0962_keypoints.json,POSE_7,CAM_HIGH
Boudoir_Glam_0963_keypoints.json,POSE_7,CAM_HIGH
Boudoir_Glam_0964_keypoints.json,POSE_7,CAM_HIGH
Boudoir_Glam_0965_keypoints.json,POSE_7,CAM_HIGH
Boudoir_Glam_0966_keypoints.json,POSE_7,CAM_HIGH
Boudoir_Glam_0967_keypoints.json,POSE_7,CAM_HIGH
Boudoir_Glam_0968_keypoints.json,POSE_3,CAM_HIGH
Boudoir_Glam_0969_keypoints.json,POSE_7,CAM_HIGH
Boudoir_Glam_0970_keypoints.json,POSE_7,CAM_HIGH
Boudoir_Glam_0971_keypoints.json,POSE_7,CAM_HIGH
Boudoir_Glam_0972_keypoints.json,POSE_7,CAM_HIGH
Boudoir_Glam_0973_keypoints.json,POSE_7,CAM_HIGH
Boudoir_Glam_0974_keypoints.json,POSE_7,CAM_SLIGHT_HIGH
Boudoir_Glam_0975_keypoints.json,POSE_7,CAM_LOW
Boudoir_Glam_0976_keypoints.json,POSE_7,CAM_SLIGHT_LOW
Boudoir_Glam_0977_keypoints.json,POSE_7,CAM_UNKNOWN
Boudoir_Glam_0978_keypoints.json,POSE_7,CAM_UNKNOWN
Boudoir_Glam_0979_keypoints.json,POSE_4,CAM_HIGH
Boudoir_Glam_0980_keypoints.json,POSE_7,CAM_SLIGHT_LOW
Boudoir_Glam_0981_keypoints.json,POSE_7,CAM_HIGH
Boudoir_Glam_0982_keypoints.json,POSE_7,CAM_HIGH
Boudoir_Glam_0983_keypoints.json,POSE_7,CAM_HIGH
Boudoir_Glam_0984_keypoints.json,POSE_7,CAM_HIGH
Boudoir_Glam_0985_keypoints.json,POSE_7,CAM_HIGH
Boudoir_Glam_0986_keypoints.json,POSE_7,CAM_HIGH
Boudoir_Glam_0987_keypoints.json,POSE_7,CAM_HIGH
Boudoir_Glam_0988_keypoints.json,POSE_7,CAM_HIGH
Boudoir_Glam_0989_keypoints.json,POSE_7,CAM_HIGH
Boudoir_Glam_0990_keypoints.json,POSE_3,CAM_LOW
Boudoir_Glam_0991_keypoints.json,POSE_7,CAM_HIGH
Boudoir_Glam_0992_keypoints.json,POSE_7,CAM_HIGH
Boudoir_Glam_0993_keypoints.json,POSE_7,CAM_HIGH
Boudoir_Glam_0994_keypoints.json,POSE_7,CAM_HIGH
Boudoir_Glam_0995_keypoints.json,POSE_7,CAM_SLIGHT_HIGH
Boudoir_Glam_0996_keypoints.json,POSE_7,CAM_HIGH
Boudoir_Glam_0997_keypoints.json,POSE_7,CAM_HIGH
Boudoir_Glam_0998_keypoints.json,POSE_7,CAM_LOW
Boudoir_Glam_0999_keypoints.json,POSE_7,CAM_LOW
Boudoir_Glam_1000_keypoints.json,POSE_4,CAM_HIGH
